"0",""
"0","random_forest_model_abalone <- rand_forest(mtry = tune(), "
"0","                       trees = tune(), "
"0","                       min_n = tune()) %>% "
"0","  set_engine(""ranger"", importance = ""impurity"") %>% "
"0","  set_mode(""regression"")"
"0",""
"0","random_forest_wflow_abalone <- workflow() %>% "
"0","  add_model(random_forest_model_abalone) %>%"
"0","  add_recipe(abalone_recipe) "
"0",""
"0","random_forest_grid_abalone <- grid_regular(mtry(range = c(1, 7)),"
"0","                        trees(range = c(200,700)),"
"0","                        min_n(range = c(1,16)),"
"0","                        levels = 10)"
